Unique_ID,Similarity_Score
1,0.63633424
2,0.63881105
3,0.58450526
4,0.5787336
5,0.6231004
6,0.5813378
7,0.6417964
8,0.6650171
9,0.653699
10,0.60675573
11,0.61294544
12,0.5712625
13,0.6536015
14,0.61022043
15,0.626683
16,0.56778765
17,0.6928118
18,0.7104877
19,0.65949994
20,0.63801306
21,0.6196475
22,0.5605865
23,0.57319605
24,0.5939438
25,0.64249694
26,0.6119178
27,0.6209807
28,0.63293827
29,0.65073895
30,0.6029968
31,0.6651693
32,0.62272906
33,0.6914562
34,0.58928263
35,0.6500174
36,0.6870544
37,0.6526921
38,0.68292695
39,0.6268656
40,0.5606124
41,0.6978808
42,0.6022651
43,0.5491324
44,0.57422197
45,0.5598295
46,0.55048037
47,0.81250167
48,0.5991321
49,0.6387322
50,0.6124909
51,0.66177654
52,0.6288656
53,0.6099111
54,0.6234502
55,0.5897579
56,0.70757973
57,0.70125633
58,0.6536346
59,0.60104316
60,0.5727376
61,0.57908314
62,0.61010635
63,0.6083313
64,0.6140315
65,0.6523675
66,0.6509266
67,0.586516
68,0.5984847
69,0.5831039
70,0.60220134
71,0.6517497
72,0.5614072
73,0.6329394
74,0.7641758
75,0.61141276
76,0.60799986
77,0.667125
78,0.6158661
79,0.66649425
80,0.7520789
81,0.63031214
82,0.5928455
83,0.66038823
84,0.78381634
85,0.6408425
86,0.5607817
87,0.61424094
88,0.5789497
89,0.6169219
90,0.59993565
91,0.6562989
92,0.587403
93,0.59913385
94,0.5690012
95,0.58818316
96,0.6753699
97,0.6061222
98,0.5710986
99,0.6846523
100,0.63031113
101,0.71756226
102,0.60812634
103,0.6108533
104,0.7805414
105,0.58114415
106,0.5866242
107,0.63451475
108,0.6787224
109,0.5948712
110,0.63967425
111,0.56610394
112,0.58969724
113,0.67273635
114,0.5946343
115,0.8026573
116,0.6084201
117,0.63046086
118,0.62440073
119,0.61705273
120,0.5525767
121,0.60572803
122,0.6773221
123,0.6187649
124,0.5330409
125,0.6585572
126,0.71171683
127,0.6838932
128,0.61337477
129,0.6590101
130,0.6043758
131,0.5911833
132,0.5879337
133,0.6643037
134,0.6643212
135,0.618373
136,0.72661066
137,0.5995127
138,0.6455455
139,0.6663452
140,0.79299784
141,0.6734248
142,0.5835342
143,0.5645453
144,0.5558064
145,0.677727
146,0.59006876
147,0.67560685
148,0.6045483
149,0.63042885
150,0.6026792
151,0.6511149
152,0.63486063
153,0.8202945
154,0.6605943
155,0.62854636
156,0.64758635
157,0.57137513
158,0.59417224
159,0.6444523
160,0.60935307
161,0.6114976
162,0.7462385
163,0.6442972
164,0.6318304
165,0.5784132
166,0.6065877
167,0.61726373
168,0.58025706
169,0.58788764
170,0.6275058
171,0.5734445
172,0.613034
173,0.59490967
174,0.5689444
175,0.62899965
176,0.60698557
177,0.65944934
178,0.68904585
179,0.67855686
180,0.73305655
181,0.6474328
182,0.6095147
183,0.6186019
184,0.57288694
185,0.6377198
186,0.5409274
187,0.60613847
188,0.7669618
189,0.59969103
190,0.6525278
191,0.6070988
192,0.62401766
193,0.62098473
194,0.5912314
195,0.6095656
196,0.62720186
197,0.57778907
198,0.6329986
199,0.6473815
200,0.63434523
201,0.667266
202,0.6264863
203,0.60361534
204,0.59530145
205,0.6553908
206,0.5293905
207,0.6504182
208,0.71649235
209,0.5423563
210,0.64883494
211,0.602476
212,0.5315099
213,0.594235
214,0.65756184
215,0.70137227
216,0.62253755
217,0.5942789
218,0.63685995
219,0.64260715
220,0.5805707
221,0.72536445
222,0.7098738
223,0.55113626
224,0.55223936
225,0.5546461
226,0.6319664
227,0.880383
228,0.7183251
229,0.65334666
230,0.5784047
231,0.69907665
232,0.6202418
233,0.6100696
234,0.57418686
235,0.67298424
236,0.5935097
237,0.5797596
238,0.5803263
239,0.575439
240,0.6041018
241,0.5994392
242,0.6022931
243,0.6596589
244,0.59109193
245,0.5638911
246,0.6535439
247,0.6101066
248,0.68300617
249,0.57471025
250,0.639793
251,0.61408097
252,0.8697361
253,0.55513465
254,0.6886266
255,0.6815735
256,0.605152
257,0.5868821
258,0.53766954
259,0.59071815
260,0.63769364
261,0.7324327
262,0.6475892
263,0.63249373
264,0.6645942
265,0.6554429
266,0.6403947
267,0.59818846
268,0.68462145
269,0.6232413
270,0.6031796
271,0.5920013
272,0.63237494
273,0.6476527
274,0.6192581
275,0.6977534
276,0.67225343
277,0.5728822
278,0.6325724
279,0.62373656
280,0.63955116
281,0.62657416
282,0.646871
283,0.6116468
284,0.6289952
285,0.59625274
286,0.5301415
287,0.5938669
288,0.62911993
289,0.58578736
290,0.7326673
291,0.6217039
292,0.63353264
293,0.667714
294,0.5568972
295,0.6484978
296,0.8355892
297,0.6046122
298,0.60446084
299,0.6603825
300,0.60704863
301,0.6282936
302,0.78312254
303,0.654464
304,0.6207777
305,0.56982344
306,0.57191354
307,0.6584263
308,0.69800115
309,0.66271245
310,0.718286
311,0.6175868
312,0.6462943
313,0.64885795
314,0.62470067
315,0.60337126
316,0.82147926
317,0.52545995
318,0.67228127
319,0.62909794
320,0.58710635
321,0.6404324
322,0.5500992
323,0.70507306
324,0.5389774
325,0.64215636
326,0.64394027
327,0.58902305
328,0.6149889
329,0.6193459
330,0.539939
331,0.5944315
332,0.66885597
333,0.6108326
334,0.6172773
335,0.6596736
336,0.58032346
337,0.68236613
338,0.5828376
339,0.70476544
340,0.5935246
341,0.5927644
342,0.6256665
343,0.5626116
344,0.65619195
345,0.6628413
346,0.63244474
347,0.6270546
348,0.6034661
349,0.61268914
350,0.6040139
351,0.62622803
352,0.68433154
353,0.6212654
354,0.6045729
355,0.59001666
356,0.6773727
357,0.64897764
358,0.65112793
359,0.65471196
360,0.54339737
361,0.632054
362,0.6991034
363,0.60772496
364,0.675307
365,0.6955348
366,0.7606385
367,0.6127412
368,0.60057765
369,0.62126595
370,0.58363664
371,0.6653983
372,0.56416214
373,0.6891112
374,0.6771666
375,0.6133005
376,0.6165983
377,0.61046815
378,0.5728959
379,0.540426
380,0.6036889
381,0.63682514
382,0.58964914
383,0.62288463
384,0.5665252
385,0.58363926
386,0.5511863
387,0.5809097
388,0.65048033
389,0.6334856
390,0.6321279
391,0.63101983
392,0.58013767
393,0.5851842
394,0.71770734
395,0.55933684
396,0.59651244
397,0.65408754
398,0.55047494
399,0.70608544
400,0.5116077
401,0.5608211
402,0.61093056
403,0.6032837
404,0.5929783
405,0.6573649
406,0.6785479
407,0.63982296
408,0.66637754
409,0.6692459
410,0.5671344
411,0.59917
412,0.687572
413,0.58337456
414,0.59878635
415,0.6781349
416,0.5672157
417,0.60540646
418,0.73900485
419,0.64704347
420,0.555017
421,0.5960867
422,0.57885706
423,0.7814822
424,0.62228703
425,0.7323489
426,0.58322847
427,0.5925799
428,0.55681807
429,0.62213385
430,0.5883057
431,0.73256385
432,0.59342897
433,0.6196041
434,0.6363567
435,0.56690824
436,0.7099023
437,0.6720805
438,0.58168834
439,0.7345298
440,0.6404513
441,0.5810337
442,0.5935302
443,0.6071172
444,0.63786006
445,0.6021193
446,0.5681522
447,0.73809755
448,0.5903392
449,0.6175773
450,0.5948519
451,0.6751851
452,0.7268952
453,0.6128374
454,0.597538
455,0.6418717
456,0.638659
457,0.682539
458,0.58685297
459,0.6403585
460,0.58398616
461,0.6210282
462,0.64700544
463,0.6798485
464,0.6644093
465,0.72638285
466,0.6364685
467,0.71134865
468,0.6463388
469,0.54911673
470,0.61590654
471,0.6353681
472,0.65460116
473,0.67111504
474,0.5898324
475,0.59628534
476,0.6872721
477,0.66229516
478,0.66058207
479,0.6223878
480,0.6461918
481,0.56906116
482,0.64376557
483,0.63213253
484,0.68506813
485,0.60811174
486,0.60001457
487,0.64830965
488,0.6380336
489,0.58673406
490,0.65156245
491,0.6503701
492,0.60346353
493,0.72737825
494,0.624151
495,0.63282
496,0.55598897
497,0.65778095
498,0.68146443
499,0.64904577
500,0.659193
501,0.5740439
502,0.5983624
503,0.68252164
504,0.61723393
505,0.6134696
506,0.6277528
507,0.6110686
508,0.67920274
509,0.6311351
510,0.6613556
511,0.72236127
512,0.6502964
513,0.6330065
514,0.69588864
515,0.57261753
516,0.63377756
517,0.5941203
518,0.74485207
519,0.5759294
520,0.5929861
521,0.7110031
522,0.71704006
523,0.6922
524,0.5386547
525,0.61131686
526,0.61058736
527,0.6482291
528,0.6010959
529,0.58422875
530,0.6111727
531,0.71445334
532,0.5998406
533,0.5912522
534,0.6597153
535,0.6475111
536,0.69384575
537,0.5845311
538,0.58435506
539,0.64917624
540,0.6069645
541,0.65637547
542,0.61708
543,0.68733203
544,0.6681359
545,0.61148244
546,0.7052794
547,0.8067001
548,0.57053137
549,0.62701976
550,0.6477865
551,0.6478092
552,0.57538885
553,0.6035135
554,0.63814384
555,0.5872372
556,0.6968606
557,0.589015
558,0.6843377
559,0.60179114
560,0.6869183
561,0.63424885
562,0.70186925
563,0.7066021
564,0.5729733
565,0.5917829
566,0.6494449
567,0.6251455
568,0.65110743
569,0.5680467
570,0.6232106
571,0.57154787
572,0.6466287
573,0.5976597
574,0.60779905
575,0.66268003
576,0.64107037
577,0.5659466
578,0.6058537
579,0.5868672
580,0.6452514
581,0.6274226
582,0.6126251
583,0.6659539
584,0.7647422
585,0.60618246
586,0.76876104
587,0.6334111
588,0.6678086
589,0.6837644
590,0.66488296
591,0.6448722
592,0.694775
593,0.59756655
594,0.5869751
595,0.66692245
596,0.62627155
597,0.78868437
598,0.71293837
599,0.59543097
600,0.59970355
601,0.6727096
602,0.7845783
603,0.6835341
604,0.5929135
605,0.7135395
606,0.59518456
607,0.70596915
608,0.5893411
609,0.641888
610,0.6954067
611,0.66733956
612,0.61385286
613,0.61486256
614,0.6437473
615,0.6147274
616,0.60720086
617,0.7569033
618,0.63966465
619,0.6002688
620,0.61901534
621,0.5826143
622,0.53849393
623,0.6236455
624,0.6351228
625,0.6530097
626,0.71278024
627,0.7608281
628,0.5912522
629,0.65252084
630,0.6113258
631,0.64998394
632,0.7230325
633,0.5872806
634,0.58674383
635,0.57992584
636,0.624672
637,0.72264284
638,0.5833185
639,0.7496115
640,0.62725025
641,0.65043485
642,0.5622187
643,0.63529253
644,0.65092224
645,0.7236092
646,0.5822332
647,0.6174582
648,0.6131567
649,0.59697366
650,0.5708235
651,0.64825505
652,0.6290768
653,0.7362908
654,0.6339382
655,0.5677949
656,0.6491453
657,0.6063698
658,0.6412256
659,0.59351873
660,0.59722036
661,0.6127706
662,0.6044164
663,0.61109126
664,0.6146735
665,0.57182807
666,0.658411
667,0.77597415
668,0.82796746
669,0.6488507
670,0.56966776
671,0.8028808
672,0.6281031
673,0.6299788
674,0.63873553
675,0.74520546
676,0.6579001
677,0.6112032
678,0.6206519
679,0.60291165
680,0.6238577
681,0.6225021
682,0.62332916
683,0.72314084
684,0.70826447
685,0.58212787
686,0.65543175
687,0.5899772
688,0.5887488
689,0.6013652
690,0.650405
691,0.6955014
692,0.59761685
693,0.61165154
694,0.6024482
695,0.6618211
696,0.61886215
697,0.59158605
698,0.5726877
699,0.5899682
700,0.6711818
701,0.59954226
702,0.61348253
703,0.6680363
704,0.72374827
705,0.62334543
706,0.64160645
707,0.7685669
708,0.61766386
709,0.58602387
710,0.6391703
711,0.6173593
712,0.61770326
713,0.5842676
714,0.6188106
715,0.56497306
716,0.626488
717,0.6341108
718,0.62971926
719,0.6243742
720,0.60556644
721,0.60157365
722,0.58413374
723,0.69393253
724,0.5764847
725,0.65137
726,0.7133916
727,0.6151803
728,0.6167966
729,0.5873318
730,0.61797285
731,0.62028503
732,0.6018136
733,0.65311235
734,0.7229705
735,0.5619733
736,0.5764768
737,0.62882
738,0.6367165
739,0.63888216
740,0.63977545
741,0.65363914
742,0.5849165
743,0.6169293
744,0.5913992
745,0.6537443
746,0.7356598
747,0.61862123
748,0.5944462
749,0.5555804
750,0.6901257
751,0.63901615
752,0.5861027
753,0.75666183
754,0.61511075
755,0.6823055
756,0.6275566
757,0.63808376
758,0.78375053
759,0.5781098
760,0.66048664
761,0.7222146
762,0.6839117
763,0.5595491
764,0.6541135
765,0.5615282
766,0.65211236
767,0.5736049
768,0.71478456
769,0.69135416
770,0.71537
771,0.5447892
772,0.63342464
773,0.62591875
774,0.6842396
775,0.7368129
776,0.6969702
777,0.61172837
778,0.66606325
779,0.6983712
780,0.57740736
781,0.62929523
782,0.6758857
783,0.5478569
784,0.67379564
785,0.7119264
786,0.6262669
787,0.61878604
788,0.56141293
789,0.5337032
790,0.6261707
791,0.5862261
792,0.673476
793,0.6124308
794,0.6934552
795,0.6110287
796,0.6106849
797,0.5865748
798,0.6061147
799,0.5816215
800,0.5999768
801,0.7200796
802,0.61792564
803,0.6624354
804,0.5864606
805,0.7169558
806,0.6304036
807,0.559779
808,0.74799776
809,0.6318618
810,0.61866516
811,0.6320144
812,0.7569217
813,0.6108133
814,0.75463
815,0.6397468
816,0.5951042
817,0.6168232
818,0.7075747
819,0.60959464
820,0.6070469
821,0.56502044
822,0.69414485
823,0.6005869
824,0.6333515
825,0.6559633
826,0.62553674
827,0.614306
828,0.6380274
829,0.6174535
830,0.5359117
831,0.82552856
832,0.6127787
833,0.62762415
834,0.5931312
835,0.5894709
836,0.5882812
837,0.63041043
838,0.78850317
839,0.5506337
840,0.671485
841,0.6306244
842,0.6667601
843,0.63432384
844,0.64993006
845,0.63442284
846,0.6137439
847,0.5982105
848,0.6260556
849,0.61267763
850,0.674978
851,0.60805595
852,0.5909682
853,0.6067947
854,0.6962465
855,0.55016196
856,0.6239263
857,0.6403439
858,0.5694272
859,0.58511555
860,0.60274714
861,0.6298064
862,0.6459316
863,0.5793714
864,0.5999256
865,0.64737856
866,0.6274717
867,0.65146434
868,0.55843884
869,0.71614105
870,0.6568923
871,0.63503164
872,0.6037332
873,0.5887914
874,0.6072256
875,0.6230075
876,0.5784524
877,0.59142864
878,0.60782737
879,0.58902824
880,0.6059225
881,0.5535751
882,0.5306567
883,0.62187505
884,0.5960493
885,0.626543
886,0.56215465
887,0.60726833
888,0.6077575
889,0.5945516
890,0.67837036
891,0.762002
892,0.5524276
893,0.6482382
894,0.5851676
895,0.61176336
896,0.7192042
897,0.5777144
898,0.6276947
899,0.6555491
900,0.74763834
901,0.6514162
902,0.70893633
903,0.5913957
904,0.6353902
905,0.68381584
906,0.6210467
907,0.6300448
908,0.61075526
909,0.6228118
910,0.6851179
911,0.5392912
912,0.5655107
913,0.671364
914,0.72742856
915,0.6733357
916,0.57203776
917,0.6947533
918,0.63194335
919,0.5747358
920,0.60477525
921,0.6334873
922,0.5972133
923,0.64287263
924,0.6113733
925,0.6524884
926,0.5340285
927,0.69685984
928,0.6673254
929,0.6241529
930,0.6614089
931,0.65735
932,0.67014307
933,0.6119687
934,0.6436002
935,0.6491688
936,0.56957495
937,0.55964434
938,0.6629275
939,0.6105286
940,0.6384592
941,0.57676214
942,0.70457804
943,0.5261002
944,0.6055301
945,0.6019859
946,0.6021651
947,0.6917382
948,0.586185
949,0.5501028
950,0.7283201
951,0.6073279
952,0.61463237
953,0.5447432
954,0.5979163
955,0.6867011
956,0.6270769
957,0.61944884
958,0.59249735
959,0.58065444
960,0.6911401
961,0.65382665
962,0.68865675
963,0.60875714
964,0.5829192
965,0.61925155
966,0.63896555
967,0.7929069
968,0.54828984
969,0.6091801
970,0.6446901
971,0.5827082
972,0.5378499
973,0.5491985
974,0.5773072
975,0.7762263
976,0.608109
977,0.6846225
978,0.5751121
979,0.58554363
980,0.7259753
981,0.6340806
982,0.5909399
983,0.70310676
984,0.6972593
985,0.6558268
986,0.60458916
987,0.663177
988,0.5923621
989,0.68281025
990,0.62305576
991,0.594372
992,0.61324996
993,0.6202452
994,0.5737488
995,0.5998249
996,0.67419237
997,0.70667887
998,0.6206601
999,0.5954938
1000,0.56989944
1001,0.7838348
1002,0.615126
1003,0.5165343
1004,0.5274472
1005,0.5380044
1006,0.6221493
1007,0.6844332
1008,0.79398704
1009,0.6113806
1010,0.5988082
1011,0.6497055
1012,0.61911035
1013,0.6022052
1014,0.6295626
1015,0.56205994
1016,0.6077853
1017,0.6289553
1018,0.52631634
1019,0.6350334
1020,0.6014514
1021,0.58375627
1022,0.59923327
1023,0.6321887
1024,0.7545947
1025,0.68154573
1026,0.6168153
1027,0.6633274
1028,0.6077553
1029,0.6176191
1030,0.682118
1031,0.70289695
1032,0.6756342
1033,0.63859457
1034,0.6077714
1035,0.564
1036,0.5947313
1037,0.61163837
1038,0.6543568
1039,0.60617113
1040,0.5603855
1041,0.5916443
1042,0.6663219
1043,0.6214737
1044,0.66085505
1045,0.65403974
1046,0.73974484
1047,0.61574984
1048,0.69229496
1049,0.7152806
1050,0.6280098
1051,0.6445447
1052,0.6272801
1053,0.53943604
1054,0.6142415
1055,0.6358604
1056,0.6090771
1057,0.6207104
1058,0.5893024
1059,0.64037275
1060,0.58153546
1061,0.5511354
1062,0.64117384
1063,0.6418186
1064,0.5788616
1065,0.74350214
1066,0.6096784
1067,0.6159651
1068,0.76640093
1069,0.6214373
1070,0.62016207
1071,0.58516335
1072,0.58534724
1073,0.6711936
1074,0.6280742
1075,0.5961102
1076,0.6189168
1077,0.5989086
1078,0.5780794
1079,0.5699575
1080,0.57802534
1081,0.5925416
1082,0.5640433
1083,0.63188946
1084,0.59637153
1085,0.65320706
1086,0.5938857
1087,0.59984475
1088,0.6750188
1089,0.61128056
1090,0.64765435
1091,0.6909495
1092,0.73156196
1093,0.6563223
1094,0.58558327
1095,0.65283006
1096,0.5819019
1097,0.5929291
1098,0.76425576
1099,0.67302144
1100,0.6118823
1101,0.59156513
1102,0.61738634
1103,0.54823273
1104,0.6389182
1105,0.6173036
1106,0.60312647
1107,0.606109
1108,0.6073369
1109,0.62226427
1110,0.54618114
1111,0.5931962
1112,0.66864413
1113,0.5590519
1114,0.67451036
1115,0.6219021
1116,0.6222869
1117,0.6551685
1118,0.62607086
1119,0.6158061
1120,0.6699804
1121,0.5599326
1122,0.6437021
1123,0.5698693
1124,0.6046011
1125,0.68871486
1126,0.6436008
1127,0.6427917
1128,0.679363
1129,0.6398005
1130,0.6012635
1131,0.6607972
1132,0.6831614
1133,0.59652215
1134,0.5490124
1135,0.6330757
1136,0.6325488
1137,0.6877659
1138,0.62401986
1139,0.6337699
1140,0.5641009
1141,0.59199715
1142,0.57787013
1143,0.5835419
1144,0.59906125
1145,0.6677216
1146,0.65953344
1147,0.5807711
1148,0.66130686
1149,0.5656812
1150,0.58368564
1151,0.55563337
1152,0.64618176
1153,0.6063351
1154,0.6636192
1155,0.6035288
1156,0.74410456
1157,0.6119726
1158,0.6745479
1159,0.62741184
1160,0.6121675
1161,0.6745825
1162,0.569689
1163,0.6981869
1164,0.5655733
1165,0.64007324
1166,0.637302
1167,0.58226866
1168,0.64182353
1169,0.5577239
1170,0.5976412
1171,0.6630279
1172,0.58912253
1173,0.6229006
1174,0.66564155
1175,0.6252893
1176,0.6180312
1177,0.5855664
1178,0.5859883
1179,0.7705908
1180,0.5374787
1181,0.5826139
1182,0.5959307
1183,0.63211894
1184,0.6114666
1185,0.59402496
1186,0.6440966
1187,0.6811643
1188,0.683203
1189,0.613373
1190,0.66245073
1191,0.58018124
1192,0.6834481
1193,0.64224243
1194,0.5794364
1195,0.73813033
1196,0.6347592
1197,0.6041236
1198,0.6454007
1199,0.63319767
1200,0.69136727
1201,0.788867
1202,0.5802295
1203,0.75427425
1204,0.63897747
1205,0.6239371
1206,0.57756275
1207,0.6447351
1208,0.67815745
1209,0.5580847
1210,0.69176555
1211,0.5944427
1212,0.6325416
1213,0.5789487
1214,0.61835617
1215,0.6080623
1216,0.5985737
1217,0.6442194
1218,0.63756573
1219,0.64356935
1220,0.57057154
1221,0.55624676
1222,0.8133864
1223,0.71716297
1224,0.5970069
1225,0.5910198
1226,0.5974545
1227,0.68134224
1228,0.6931334
1229,0.68174267
1230,0.66637206
1231,0.6221287
1232,0.58306783
1233,0.5971049
1234,0.6734362
1235,0.6470135
1236,0.6974969
1237,0.69867456
1238,0.62877417
1239,0.6624876
1240,0.7638712
1241,0.621207
1242,0.661952
1243,0.64832556
1244,0.5987124
1245,0.69040656
1246,0.6507189
1247,0.548573
1248,0.5810831
1249,0.67312896
1250,0.5922934
1251,0.62919503
1252,0.571397
1253,0.66433156
1254,0.67882246
1255,0.58669895
1256,0.67873985
1257,0.62681544
1258,0.6582135
1259,0.6190702
1260,0.6374696
1261,0.5866178
1262,0.55380017
1263,0.6000744
1264,0.6098969
1265,0.61347944
1266,0.651635
1267,0.6230386
1268,0.5477319
1269,0.6102965
1270,0.54326797
1271,0.6473792
1272,0.56526566
1273,0.5782442
1274,0.6289139
1275,0.5957267
1276,0.6207309
1277,0.61875844
1278,0.7514601
1279,0.5931807
1280,0.63850486
1281,0.599635
1282,0.62000597
1283,0.62443274
1284,0.6973695
1285,0.6502294
1286,0.7921481
1287,0.6072581
1288,0.72852206
1289,0.5452694
1290,0.5596593
1291,0.63038385
1292,0.64240766
1293,0.5886662
1294,0.6414159
1295,0.6312254
1296,0.6185144
1297,0.6746463
1298,0.61295825
1299,0.6631587
1300,0.6043558
1301,0.7048151
1302,0.5924087
1303,0.5754454
1304,0.6001894
1305,0.6591049
1306,0.6151042
1307,0.64755976
1308,0.59686434
1309,0.7420268
1310,0.65679026
1311,0.6639767
1312,0.59992754
1313,0.6131838
1314,0.66808003
1315,0.7128608
1316,0.6132914
1317,0.6059944
1318,0.57171637
1319,0.6110593
1320,0.5634917
1321,0.5782006
1322,0.7049278
1323,0.6017415
1324,0.6578703
1325,0.58909994
1326,0.6045443
1327,0.6171651
1328,0.5990827
1329,0.6384448
1330,0.5924772
1331,0.57499444
1332,0.57571304
1333,0.5439644
1334,0.6228825
1335,0.7002019
1336,0.6293578
1337,0.77568567
1338,0.61687493
1339,0.6513629
1340,0.6872023
1341,0.6085393
1342,0.58971643
1343,0.6374504
1344,0.59197634
1345,0.65482324
1346,0.5861724
1347,0.62438095
1348,0.5797023
1349,0.7540238
1350,0.64830375
1351,0.5956353
1352,0.6133481
1353,0.56791013
1354,0.6702554
1355,0.647856
1356,0.6172095
1357,0.68614733
1358,0.70551586
1359,0.6148429
1360,0.5984967
1361,0.57052964
1362,0.5758118
1363,0.5346001
1364,0.5703883
1365,0.637146
1366,0.75212014
1367,0.5396869
1368,0.6096122
1369,0.6380524
1370,0.74667966
1371,0.5953862
1372,0.6574981
1373,0.7091054
1374,0.6216918
1375,0.605688
1376,0.62875324
1377,0.60646033
1378,0.50022304
1379,0.58189464
1380,0.6681403
1381,0.641408
1382,0.6607208
1383,0.65014493
1384,0.6481867
1385,0.61089265
1386,0.6638962
1387,0.5814663
1388,0.67711353
1389,0.8148289
1390,0.63786495
1391,0.5683474
1392,0.56781846
1393,0.5650387
1394,0.6446928
1395,0.63948524
1396,0.6049609
1397,0.5861293
1398,0.6216508
1399,0.60800904
1400,0.722625
1401,0.65575767
1402,0.5979299
1403,0.61122227
1404,0.6327728
1405,0.6570912
1406,0.60083973
1407,0.6969236
1408,0.68614674
1409,0.6275291
1410,0.60615003
1411,0.7302886
1412,0.6354157
1413,0.6136952
1414,0.67782754
1415,0.8207776
1416,0.57329464
1417,0.6417959
1418,0.5971927
1419,0.615013
1420,0.7614434
1421,0.5610828
1422,0.6277702
1423,0.74500895
1424,0.69095314
1425,0.5599218
1426,0.59306586
1427,0.6323409
1428,0.6422113
1429,0.62059426
1430,0.5969633
1431,0.5554441
1432,0.78740335
1433,0.7779573
1434,0.6361946
1435,0.6022167
1436,0.6466594
1437,0.5495983
1438,0.5553311
1439,0.5841086
1440,0.6338751
1441,0.6136572
1442,0.62413096
1443,0.63317025
1444,0.5897238
1445,0.7579746
1446,0.6358422
1447,0.5429048
1448,0.60918885
1449,0.59672314
1450,0.6046286
1451,0.7044899
1452,0.67444646
1453,0.6135941
1454,0.751003
1455,0.69510657
1456,0.63083017
1457,0.6474858
1458,0.6301665
1459,0.69776726
1460,0.6215843
1461,0.6655264
1462,0.60054415
1463,0.6040466
1464,0.6213699
1465,0.7138226
1466,0.54606223
1467,0.57750064
1468,0.720783
1469,0.67996764
1470,0.5994847
1471,0.67611986
1472,0.7661079
1473,0.537259
1474,0.6318064
1475,0.58178335
1476,0.5519516
1477,0.68703794
1478,0.64180917
1479,0.607146
1480,0.7046047
1481,0.6480065
1482,0.5770587
1483,0.5754211
1484,0.6859529
1485,0.833111
1486,0.79272616
1487,0.6139358
1488,0.55033
1489,0.531424
1490,0.63075346
1491,0.56139475
1492,0.63883317
1493,0.58131135
1494,0.5940149
1495,0.6376988
1496,0.6321666
1497,0.6519625
1498,0.6032796
1499,0.72420526
1500,0.65139484
1501,0.65030104
1502,0.6986309
1503,0.64137733
1504,0.69751656
1505,0.61446595
1506,0.636606
1507,0.6046975
1508,0.6688893
1509,0.5914629
1510,0.5653024
1511,0.75509465
1512,0.6479141
1513,0.72556627
1514,0.66851175
1515,0.59293866
1516,0.6247869
1517,0.58902735
1518,0.5946653
1519,0.5906805
1520,0.5980693
1521,0.6117598
1522,0.61426234
1523,0.6320034
1524,0.78683484
1525,0.63408494
1526,0.607471
1527,0.5718692
1528,0.6640643
1529,0.58258635
1530,0.6118912
1531,0.6789558
1532,0.54156584
1533,0.5890718
1534,0.71811664
1535,0.579864
1536,0.6492068
1537,0.62955374
1538,0.64721745
1539,0.73507655
1540,0.5645782
1541,0.610263
1542,0.6044172
1543,0.6292035
1544,0.6577868
1545,0.57289815
1546,0.5912939
1547,0.6717747
1548,0.6604167
1549,0.67023116
1550,0.6298976
1551,0.630595
1552,0.63935184
1553,0.6209185
1554,0.5930815
1555,0.6318638
1556,0.70454895
1557,0.65491945
1558,0.56304824
1559,0.604946
1560,0.61392033
1561,0.5886973
1562,0.63831466
1563,0.6160474
1564,0.586796
1565,0.6689525
1566,0.6377957
1567,0.6110706
1568,0.6034393
1569,0.58261764
1570,0.6281426
1571,0.5493201
1572,0.6509217
1573,0.61646205
1574,0.6407106
1575,0.64601964
1576,0.59824157
1577,0.6165383
1578,0.6534758
1579,0.65576816
1580,0.59945333
1581,0.59639645
1582,0.57938725
1583,0.6067636
1584,0.6380308
1585,0.6064663
1586,0.61241174
1587,0.6256097
1588,0.58788204
1589,0.6336334
1590,0.56056464
1591,0.6158859
1592,0.6353729
1593,0.6478533
1594,0.6130694
1595,0.63741094
1596,0.675071
1597,0.59245586
1598,0.7178019
1599,0.71183926
1600,0.59277666
1601,0.58128905
1602,0.6032826
1603,0.63656914
1604,0.62322754
1605,0.6095425
1606,0.6296427
1607,0.617252
1608,0.58754617
1609,0.56112856
1610,0.5856571
1611,0.654012
1612,0.596586
1613,0.61647034
1614,0.56801504
1615,0.5745883
1616,0.5407592
1617,0.5416651
1618,0.6166152
1619,0.5967796
1620,0.62667215
1621,0.62644535
1622,0.57221395
1623,0.6906502
1624,0.61569774
1625,0.5906083
1626,0.6105152
1627,0.5722801
1628,0.61196387
1629,0.5806958
1630,0.7404018
1631,0.6965153
1632,0.6504016
1633,0.6211592
1634,0.61621743
1635,0.6288179
1636,0.66494334
1637,0.69008106
1638,0.5916312
1639,0.58579695
1640,0.61004287
1641,0.6589324
1642,0.6689233
1643,0.59558034
1644,0.6624707
1645,0.62996507
1646,0.5594217
1647,0.66826046
1648,0.6167852
1649,0.77773327
1650,0.59019095
1651,0.5382972
1652,0.6305464
1653,0.7425804
1654,0.63980377
1655,0.6662432
1656,0.6728506
1657,0.62277925
1658,0.6337103
1659,0.7243536
1660,0.7153848
1661,0.6002285
1662,0.5615595
1663,0.6427492
1664,0.63207185
1665,0.6787111
1666,0.5518478
1667,0.6091914
1668,0.7113
1669,0.7106594
1670,0.5718732
1671,0.7135453
1672,0.78110194
1673,0.6817613
1674,0.6442642
1675,0.66171575
1676,0.6221178
1677,0.61275244
1678,0.687432
1679,0.69421494
1680,0.5963692
1681,0.5908313
1682,0.6069707
1683,0.61417454
1684,0.5723015
1685,0.6199781
1686,0.6304758
1687,0.5831592
1688,0.58814824
1689,0.68113065
1690,0.6816217
1691,0.5731292
1692,0.64207363
1693,0.5907614
1694,0.73697186
1695,0.63174003
1696,0.66071624
1697,0.5877082
1698,0.6572832
1699,0.63464844
1700,0.5879954
1701,0.6828236
1702,0.62032944
1703,0.5485977
1704,0.5741277
1705,0.6239365
1706,0.57622486
1707,0.6356876
1708,0.6493394
1709,0.65085423
1710,0.588918
1711,0.6948529
1712,0.58603936
1713,0.57063437
1714,0.66790354
1715,0.5190305
1716,0.5454523
1717,0.63071036
1718,0.6380951
1719,0.633832
1720,0.6161406
1721,0.66907
1722,0.6287133
1723,0.63847315
1724,0.6048171
1725,0.62967324
1726,0.8107106
1727,0.6514262
1728,0.62132293
1729,0.5614286
1730,0.5857412
1731,0.5826224
1732,0.6708652
1733,0.6415572
1734,0.70444953
1735,0.60485196
1736,0.63873446
1737,0.55267143
1738,0.6918353
1739,0.6109465
1740,0.7468278
1741,0.6521135
1742,0.67035747
1743,0.7221949
1744,0.5958054
1745,0.6444171
1746,0.5960866
1747,0.6477091
1748,0.6675544
1749,0.7239452
1750,0.6878426
1751,0.5661054
1752,0.5678725
1753,0.63743186
1754,0.59096736
1755,0.6702412
1756,0.65616465
1757,0.63116664
1758,0.6249329
1759,0.7212732
1760,0.6132738
1761,0.5979159
1762,0.58869344
1763,0.60641575
1764,0.7376979
1765,0.5684407
1766,0.6730062
1767,0.64701116
1768,0.62222874
1769,0.6302854
1770,0.65652204
1771,0.63024306
1772,0.5807812
1773,0.7016016
1774,0.5675387
1775,0.5726272
1776,0.57081914
1777,0.6150852
1778,0.6577458
1779,0.6198229
1780,0.62881386
1781,0.6070338
1782,0.5912784
1783,0.60458297
1784,0.63027775
1785,0.6427371
1786,0.585041
1787,0.61189365
1788,0.62822604
1789,0.65009105
1790,0.59822875
1791,0.67138696
1792,0.6320732
1793,0.6636014
1794,0.6099826
1795,0.6456717
1796,0.58170944
1797,0.5954396
1798,0.56397545
1799,0.67862463
1800,0.58695656
1801,0.64575744
1802,0.64440256
1803,0.64590794
1804,0.6009649
1805,0.5812986
1806,0.622891
1807,0.5913139
1808,0.6077554
1809,0.62876666
1810,0.6727202
1811,0.69589275
1812,0.6703551
1813,0.67176044
1814,0.6120075
1815,0.6745032
1816,0.64641356
1817,0.643129
1818,0.59522146
1819,0.5934099
1820,0.66954744
1821,0.6878146
1822,0.62559676
1823,0.60619575
1824,0.6310799
1825,0.6982138
1826,0.6076778
1827,0.5866842
1828,0.6509427
1829,0.68660384
1830,0.590184
1831,0.6420152
1832,0.6235224
1833,0.7195505
1834,0.70682484
1835,0.75081205
1836,0.6248375
1837,0.70433944
1838,0.5866097
1839,0.63645715
1840,0.6260976
1841,0.5729078
1842,0.63313603
1843,0.6628709
1844,0.6164195
1845,0.6040028
1846,0.68142056
1847,0.55797696
1848,0.6941149
1849,0.63968295
1850,0.70271134
1851,0.7547289
1852,0.5615476
1853,0.6041854
1854,0.5894578
1855,0.61292535
1856,0.6532432
1857,0.5870911
1858,0.6092527
1859,0.68651325
1860,0.6166514
1861,0.65412545
1862,0.6362077
1863,0.69547486
1864,0.55439067
1865,0.5492745
1866,0.65936416
1867,0.59529203
1868,0.5872108
1869,0.55265987
1870,0.59245664
1871,0.59386224
1872,0.65050554
1873,0.6024293
1874,0.5642582
1875,0.55292225
1876,0.5968003
1877,0.7004044
1878,0.73187697
1879,0.73086643
1880,0.6045624
1881,0.5748129
1882,0.62285846
1883,0.70516366
1884,0.621208
1885,0.58122987
1886,0.62504256
1887,0.731061
1888,0.59138113
1889,0.5820655
1890,0.68166643
1891,0.7315959
1892,0.64103335
1893,0.61342084
1894,0.6261879
1895,0.64936405
1896,0.6310353
1897,0.60037786
1898,0.65245545
1899,0.63276446
1900,0.5842989
1901,0.6338051
1902,0.5764071
1903,0.6845143
1904,0.5953492
1905,0.64202356
1906,0.71654457
1907,0.7565297
1908,0.58458275
1909,0.6429417
1910,0.5548135
1911,0.61851984
1912,0.6286582
1913,0.60545206
1914,0.57226115
1915,0.5789056
1916,0.709749
1917,0.5784256
1918,0.70974797
1919,0.75825155
1920,0.6148994
1921,0.6402068
1922,0.62792337
1923,0.6043118
1924,0.5740714
1925,0.5725474
1926,0.7497702
1927,0.6221703
1928,0.60068566
1929,0.5989138
1930,0.6416164
1931,0.6661664
1932,0.5890128
1933,0.5830552
1934,0.6665892
1935,0.6704156
1936,0.58562464
1937,0.71114725
1938,0.62188065
1939,0.6589745
1940,0.6502005
1941,0.6868633
1942,0.6588164
1943,0.5841885
1944,0.55612385
1945,0.5769851
1946,0.6259713
1947,0.6124961
1948,0.6124066
1949,0.72420526
1950,0.6635928
1951,0.601189
1952,0.58583665
1953,0.57600385
1954,0.718841
1955,0.61647016
1956,0.67681867
1957,0.57932854
1958,0.66082567
1959,0.5867412
1960,0.6299312
1961,0.5752269
1962,0.58309984
1963,0.62363565
1964,0.7209265
1965,0.6119846
1966,0.6970863
1967,0.55997837
1968,0.7036798
1969,0.5954279
1970,0.62184393
1971,0.55758786
1972,0.61444473
1973,0.6827215
1974,0.6284764
1975,0.63689363
1976,0.63848805
1977,0.6302902
1978,0.6401691
1979,0.60783356
1980,0.6500695
1981,0.5920939
1982,0.59808046
1983,0.61916935
1984,0.6395
1985,0.57486504
1986,0.61084455
1987,0.60126483
1988,0.6682807
1989,0.68237436
1990,0.5912557
1991,0.6161
1992,0.606014
1993,0.7423943
1994,0.69976026
1995,0.6346416
1996,0.62141037
1997,0.5881567
1998,0.5608463
1999,0.61920434
2000,0.5903856
2001,0.6311227
2002,0.60459244
2003,0.56080306
2004,0.71797615
2005,0.6002747
2006,0.6131747
2007,0.56646514
2008,0.64967215
2009,0.65516794
2010,0.59015
2011,0.7068192
2012,0.6065394
2013,0.60618544
2014,0.67531395
2015,0.5712275
2016,0.68695664
2017,0.5889314
2018,0.6277499
2019,0.6559453
2020,0.63422066
2021,0.6838678
2022,0.6148532
2023,0.67638224
2024,0.57968265
2025,0.65764964
2026,0.6556003
2027,0.5861124
2028,0.57972646
2029,0.6905192
2030,0.59264606
2031,0.6288942
2032,0.7403711
2033,0.6362792
2034,0.6256387
2035,0.769796
2036,0.6518775
2037,0.6055242
2038,0.5863713
2039,0.618999
2040,0.6316253
2041,0.6164
2042,0.61493486
2043,0.6544004
2044,0.6376721
2045,0.6198221
2046,0.6373502
2047,0.6216221
2048,0.5678088
2049,0.7155853
2050,0.6378468
2051,0.8070618
2052,0.78430784
2053,0.6467507
2054,0.5409389
2055,0.5603687
2056,0.6056536
2057,0.6218463
2058,0.67684853
2059,0.81191003
2060,0.6386745
2061,0.6355062
2062,0.6230755
2063,0.6709777
2064,0.6505668
2065,0.6095422
2066,0.7051754
2067,0.70852554
2068,0.64864296
2069,0.633553
2070,0.5482876
2071,0.63602436
2072,0.552152
2073,0.5908851
2074,0.6301329
2075,0.66266096
2076,0.73044664
2077,0.53471124
2078,0.63897055
2079,0.6623236
2080,0.66173536
2081,0.8610811
2082,0.6591949
2083,0.6747508
2084,0.63418883
2085,0.710279
2086,0.6038818
2087,0.6493448
2088,0.7134117
2089,0.642553
2090,0.5607982
2091,0.5700236
2092,0.65282536
2093,0.75275016
2094,0.6887108
2095,0.6180858
2096,0.612779
2097,0.57518893
2098,0.587698
2099,0.65293086
2100,0.59454876
2101,0.59866285
2102,0.6421312
2103,0.60144955
2104,0.5731859
2105,0.5931036
2106,0.6225368
2107,0.62255096
2108,0.7397867
2109,0.6648389
2110,0.6129925
2111,0.6340044
2112,0.6257787
2113,0.5583523
2114,0.90093267
2115,0.56415
2116,0.65808415
2117,0.6886393
2118,0.6945758
2119,0.58106935
2120,0.60480404
2121,0.6296268
2122,0.6624948
2123,0.721838
2124,0.5789417
2125,0.66434455
2126,0.7067518
2127,0.5957446
2128,0.70231783
2129,0.6018674
2130,0.61259943
2131,0.65414095
2132,0.6864269
2133,0.5842923
2134,0.5654408
2135,0.65321386
2136,0.58252466
2137,0.61358345
2138,0.73109996
2139,0.6961822
2140,0.7349771
2141,0.6194682
2142,0.6874631
2143,0.66276747
2144,0.57668746
2145,0.6414728
2146,0.58279896
2147,0.7416167
2148,0.6108248
2149,0.68797123
2150,0.68336594
2151,0.5983414
2152,0.66580075
2153,0.6504054
2154,0.5932534
2155,0.6110948
2156,0.6132252
2157,0.5971834
2158,0.6042981
2159,0.565749
2160,0.6502095
2161,0.6281208
2162,0.65893185
2163,0.60685223
2164,0.60121566
2165,0.60553724
2166,0.60727036
2167,0.54388005
2168,0.8074808
2169,0.6001181
2170,0.6023543
2171,0.62789935
2172,0.5698412
2173,0.5967636
2174,0.5842336
2175,0.62218887
2176,0.6141307
2177,0.6476354
2178,0.6593822
2179,0.6367723
2180,0.5882757
2181,0.6783781
2182,0.5964109
2183,0.7390697
2184,0.57483864
2185,0.7190904
2186,0.60904115
2187,0.60020417
2188,0.6232926
2189,0.5437347
2190,0.6081974
2191,0.5939439
2192,0.6590125
2193,0.61979824
2194,0.6751597
2195,0.6710013
2196,0.6454936
2197,0.60058874
2198,0.5746056
2199,0.6194231
2200,0.6302937
2201,0.8548881
2202,0.5308043
2203,0.61400723
2204,0.6084358
2205,0.7690418
2206,0.6115546
2207,0.60221195
2208,0.6327567
2209,0.67741203
2210,0.6902703
2211,0.6944471
2212,0.59548384
2213,0.61324394
2214,0.67062074
2215,0.63209325
2216,0.60123396
2217,0.61244273
2218,0.63639
2219,0.5967838
2220,0.6958059
2221,0.5865694
2222,0.6354855
2223,0.63937795
2224,0.6405462
2225,0.6584947
2226,0.60345685
2227,0.6088297
2228,0.5610233
2229,0.69479513
2230,0.559827
2231,0.599007
2232,0.61016035
2233,0.57516867
2234,0.6002509
2235,0.6015615
2236,0.8113071
2237,0.6256386
2238,0.62120014
2239,0.61981654
2240,0.7346612
2241,0.6813675
2242,0.62633884
2243,0.5629465
2244,0.55635977
2245,0.66458005
2246,0.5879308
2247,0.5866782
2248,0.5964238
2249,0.6182542
2250,0.66345584
2251,0.5910414
2252,0.53733534
2253,0.6380919
2254,0.6729841
2255,0.59887636
2256,0.5683904
2257,0.8273727
2258,0.5727227
2259,0.6649479
2260,0.6109369
2261,0.6639868
2262,0.7464006
2263,0.77509594
2264,0.5741419
2265,0.62051886
2266,0.6708697
2267,0.6319223
2268,0.6427772
2269,0.64176667
2270,0.62089616
2271,0.6108401
2272,0.64153814
2273,0.6629865
2274,0.60959864
2275,0.5492574
2276,0.67720497
2277,0.6559009
2278,0.6808762
2279,0.71023
2280,0.6477943
2281,0.679944
2282,0.68004197
2283,0.60731244
2284,0.67173505
2285,0.5587615
2286,0.6440773
2287,0.63500345
2288,0.5839066
2289,0.59156597
2290,0.7250303
2291,0.6645024
2292,0.5588043
2293,0.622012
2294,0.64995146
2295,0.77745163
2296,0.6501763
2297,0.6167475
2298,0.56943727
2299,0.6050539
2300,0.6160709
2301,0.6304714
2302,0.6587118
2303,0.5941943
2304,0.61916333
2305,1.0
2306,0.6065657
2307,0.57925004
2308,0.6095784
2309,0.60353386
2310,0.6761344
2311,0.6943324
2312,0.6068335
2313,0.6490429
2314,0.6095088
2315,0.71889985
2316,0.6135155
2317,0.74216986
2318,0.6064197
2319,0.7266724
2320,0.62498474
2321,0.6066605
2322,0.6386423
2323,0.5736526
2324,0.6851606
2325,0.65641135
2326,0.6454532
2327,0.5825495
2328,0.5921718
2329,0.6243366
2330,0.59569013
2331,0.58124256
2332,0.6537179
2333,0.6832622
2334,0.6238352
2335,0.6643065
2336,0.60893846
2337,0.5740955
2338,0.589587
2339,0.63258046
2340,0.60277593
2341,0.6590177
2342,0.6771815
2343,0.66108793
2344,0.640697
2345,0.6113481
2346,0.5964139
2347,0.5961654
2348,0.63317734
2349,0.6771945
2350,0.58353
2351,0.6806029
2352,0.65104425
2353,0.6060013
2354,0.63323575
2355,0.7027275
2356,0.7206105
2357,0.5640088
2358,0.61738116
2359,0.65271235
2360,0.6749264
2361,0.59147716
2362,0.57822454
2363,0.66220075
2364,0.76297486
2365,0.5947327
2366,0.5834509
2367,0.59237343
2368,0.7767824
2369,0.6944486
2370,0.7538338
2371,0.6237599
2372,0.5488089
2373,0.7196455
2374,0.5788772
2375,0.618519
2376,0.70329314
2377,0.6205323
2378,0.75801915
2379,0.6571101
2380,0.652093
2381,0.6742728
2382,0.572372
2383,0.64481413
2384,0.65088004
2385,0.61111283
2386,0.5358193
2387,0.64904
2388,0.62108225
2389,0.58734196
2390,0.65106434
2391,0.5448131
2392,0.62897795
2393,0.598133
2394,0.6920509
2395,0.76005656
2396,0.6164737
2397,0.5950237
2398,0.8236175
2399,0.63312966
2400,0.61167824
2401,0.61133134
2402,0.57327074
2403,0.5835903
2404,0.6134105
2405,0.6040852
2406,0.6833098
2407,0.61039674
2408,0.70088077
2409,0.75388265
2410,0.6601808
2411,0.56584257
2412,0.7078546
2413,0.67515945
2414,0.6029364
2415,0.6170743
2416,0.61073124
2417,0.5978096
2418,0.59562194
2419,0.74997985
2420,0.6706474
2421,0.59519833
2422,0.66398627
2423,0.58518314
2424,0.57808894
2425,0.67042524
2426,0.68200076
2427,0.5697334
2428,0.61036015
2429,0.64870584
2430,0.7051406
2431,0.61513555
2432,0.5704827
2433,0.62534827
2434,0.6564305
2435,0.60505414
2436,0.59058106
2437,0.60331494
2438,0.5777231
2439,0.74926555
2440,0.5998139
2441,0.62104285
2442,0.5728972
2443,0.59679985
2444,0.585388
2445,0.6600851
2446,0.5392462
2447,0.68197566
2448,0.6989789
2449,0.6301706
2450,0.5830686
2451,0.60935843
2452,0.5735902
2453,0.6212783
2454,0.7614418
2455,0.61552274
2456,0.5773003
2457,0.6292583
2458,0.5661822
2459,0.6257328
2460,0.6078838
2461,0.65510416
2462,0.59906775
2463,0.5644783
2464,0.6460436
2465,0.67324406
2466,0.6050043
2467,0.6096211
2468,0.5581339
2469,0.74000645
2470,0.5697167
2471,0.60074675
2472,0.62220836
2473,0.5771246
2474,0.68965936
2475,0.628757
2476,0.637499
2477,0.58648366
2478,0.6581227
2479,0.56228375
2480,0.626369
2481,0.6033894
2482,0.69771636
2483,0.60786045
2484,0.7577177
2485,0.631716
2486,0.68388414
2487,0.67401075
2488,0.5804048
2489,0.58860743
2490,0.62898296
2491,0.6126621
2492,0.6068174
2493,0.7664324
2494,0.67473614
2495,0.6396486
2496,0.6287039
2497,0.61879575
2498,0.5881837
2499,0.61072195
2500,0.66463226
2501,0.5762879
2502,0.60844696
2503,0.6406574
2504,0.68527335
2505,0.6522084
2506,0.65882504
2507,0.58061653
2508,0.6246033
2509,0.60476106
2510,0.6333941
2511,0.64499325
2512,0.7402155
2513,0.53985626
2514,0.6303056
2515,0.63768864
2516,0.5105659
2517,0.6930897
2518,0.75488985
2519,0.72310686
2520,0.6371901
2521,0.63721853
2522,0.6538412
2523,0.6257
2524,0.6055356
2525,0.6324083
2526,0.6952964
2527,0.66036487
2528,0.68162555
2529,0.57660866
2530,0.74769056
2531,0.68823075
2532,0.6332297
2533,0.5945164
2534,0.5837587
2535,0.6587673
2536,0.5806213
2537,0.7964059
2538,0.6091056
2539,0.5621797
2540,0.67075384
2541,0.60554695
2542,0.62986964
2543,0.62059075
2544,0.62318426
2545,0.6721184
2546,0.70388895
2547,0.65285516
2548,0.68587023
2549,0.59151834
2550,0.54775
2551,0.57083416
2552,0.8126308
2553,0.57282686
2554,0.5593241
2555,0.57898825
2556,0.5980419
2557,0.57410145
2558,0.59538627
2559,0.58596987
2560,0.69479716
2561,0.72472274
2562,0.60397536
2563,0.758289
2564,0.65396446
2565,0.5829226
2566,0.5856287
2567,0.61122787
2568,0.6392337
2569,0.6122026
2570,0.5760072
2571,0.6293161
2572,0.60880935
2573,0.6325161
2574,0.5737187
2575,0.61803854
2576,0.72830504
2577,0.6525345
2578,0.6460568
2579,0.61830443
2580,0.6108453
2581,0.5637988
2582,0.71553093
2583,0.6367711
2584,0.624181
2585,0.57581186
2586,0.6147231
2587,0.57689273
2588,0.71024287
2589,0.60672563
2590,0.5975385
2591,0.62602544
2592,0.66544974
2593,0.649753
2594,0.62603354
2595,0.6555997
2596,0.5845037
2597,0.59451663
2598,0.5605116
2599,0.6205901
2600,0.5929656
2601,0.60422915
2602,0.5577218
2603,0.5990206
2604,0.62742627
2605,0.5599444
2606,0.5953788
2607,0.606715
2608,0.64432317
2609,0.63874125
2610,0.7455957
2611,0.6761943
2612,0.5703142
2613,0.6817009
2614,0.60344356
2615,0.5322163
2616,0.6935862
2617,0.5943558
2618,0.6623479
2619,0.6855055
2620,0.59943
2621,0.604
2622,0.6349021
2623,0.7001639
2624,0.59241813
2625,0.617083
2626,0.6111989
2627,0.6743116
2628,0.65149105
2629,0.61855704
2630,0.60806704
2631,0.59520125
2632,0.63382095
2633,0.61299115
2634,0.688107
2635,0.5842497
2636,0.5872873
2637,0.5710248
2638,0.6772802
2639,0.7113262
2640,0.5650815
2641,0.65141535
2642,0.7309071
2643,0.70377564
2644,0.5856609
2645,0.69670665
2646,0.62075734
2647,0.6053995
2648,0.6393334
2649,0.625914
2650,0.5523735
2651,0.6174795
2652,0.7111933
2653,0.56956375
2654,0.6032886
2655,0.5341792
2656,0.62010026
2657,0.61569047
2658,0.6339042
2659,0.6450759
2660,0.76549613
2661,0.6630181
2662,0.6384603
2663,0.5762229
2664,0.60052323
2665,0.6804744
2666,0.6101231
2667,0.6259084
2668,0.62422
2669,0.5982886
2670,0.61543196
2671,0.5749051
2672,0.5698695
2673,0.58022755
2674,0.5717276
2675,0.5761046
2676,0.6234949
2677,0.65465647
2678,0.68529105
2679,0.60841686
2680,0.56215715
2681,0.6062968
2682,0.5795911
2683,0.57214314
2684,0.6265024
2685,0.6021409
2686,0.6374407
2687,0.64948547
2688,0.6371949
2689,0.6064185
2690,0.5750278
2691,0.6069256
2692,0.58148664
2693,0.5648837
2694,0.70492065
2695,0.6166376
2696,0.5997448
2697,0.54154354
2698,0.7708695
2699,0.5821444
2700,0.6486431
2701,0.6355562
2702,0.62241447
2703,0.62339723
2704,0.5966851
2705,0.58343285
2706,0.56072056
2707,0.733795
2708,0.66094065
2709,0.63966405
2710,0.57916605
2711,0.7512677
2712,0.70572233
2713,0.60063803
2714,0.5722837
2715,0.64099646
2716,0.7128728
2717,0.6654657
2718,0.58265895
2719,0.6336006
2720,0.691069
2721,0.6609756
2722,0.63381326
2723,0.6532756
2724,0.5081652
2725,0.6929522
2726,0.68342733
2727,0.64698005
2728,0.5998745
2729,0.6047805
2730,0.63983434
2731,0.65048504
2732,0.6173428
2733,0.62066174
2734,0.57749444
2735,0.6382296
2736,0.57095087
2737,0.6752369
2738,0.6038528
2739,0.60861546
2740,0.6420576
2741,0.6921147
2742,0.7401521
2743,0.64920014
2744,0.64647704
2745,0.5778796
2746,0.643285
2747,0.6314528
2748,0.6513408
2749,0.61968553
2750,0.7959822
2751,0.62574315
2752,0.7535117
2753,0.61713713
2754,0.6369858
2755,0.59920955
2756,0.6011039
2757,0.57942986
2758,0.60026383
2759,0.554703
2760,0.6111815
2761,0.62360895
2762,0.6482324
2763,0.62459636
2764,0.61974466
2765,0.5901271
2766,0.5640416
2767,0.63650024
2768,0.72405565
2769,0.64409775
2770,0.70090723
2771,0.7039074
2772,0.61650276
2773,0.6533729
2774,0.61573017
2775,0.6295876
2776,0.58723795
2777,0.69697154
2778,0.61628866
2779,0.5919558
2780,0.6011988
2781,0.5835296
2782,0.5734923
2783,0.54771835
2784,0.6212462
2785,0.6186841
2786,0.71186304
2787,0.6452928
2788,0.56041443
2789,0.60938627
2790,0.6184257
2791,0.63784087
2792,0.69179237
2793,0.6333038
2794,0.7270869
2795,0.60129344
2796,0.6236473
2797,0.6602982
2798,0.6979221
2799,0.6093023
2800,0.5989927
2801,0.59516627
2802,0.6411642
2803,0.621728
2804,0.66815794
2805,0.6460657
2806,0.62550366
2807,0.66685265
2808,0.6333444
2809,0.6101362
2810,0.7489406
2811,0.58166945
2812,0.6616367
2813,0.60776865
2814,0.69685256
2815,0.64910734
2816,0.5683927
2817,0.61807394
2818,0.77091104
2819,0.6501816
2820,0.7151787
2821,1.0
2822,0.623542
2823,0.54294425
2824,0.6123694
2825,0.5778004
2826,0.68566895
2827,0.67979074
2828,0.5887781
2829,0.6176318
2830,0.62591636
2831,0.67333907
2832,0.76366997
2833,0.67941195
2834,0.6287683
2835,0.6695847
2836,0.6507163
2837,0.56634855
2838,0.6226287
2839,0.7898395
2840,0.61949915
2841,0.5640577
2842,0.62857413
2843,0.73011076
2844,0.5743977
2845,0.5841051
2846,0.70588565
2847,0.64292395
2848,0.62240577
2849,0.62929213
2850,0.6077802
2851,0.5561681
2852,0.5873612
2853,0.63006955
2854,0.70739186
2855,0.6461152
2856,0.5754367
2857,0.65719956
2858,0.680627
2859,0.57313836
2860,0.5855396
2861,0.5894743
2862,0.6358816
2863,0.5647022
2864,0.65357625
2865,0.5994437
2866,0.6148431
2867,0.65089476
2868,0.55692834
2869,0.639974
2870,0.5990083
2871,0.7221508
2872,0.6073327
2873,0.66873324
2874,0.5961484
2875,0.61532193
2876,0.53034997
2877,0.6193365
2878,0.64089507
2879,0.57921
2880,0.5904329
2881,0.67644083
2882,0.56715316
2883,0.62219197
2884,0.6278344
2885,0.61525285
2886,0.7263702
2887,0.6864431
2888,0.6248817
2889,0.6890409
2890,0.7033865
2891,0.6360481
2892,0.615013
2893,0.7475055
2894,0.5792618
2895,0.72411263
2896,0.61488503
2897,0.5947627
2898,0.6151948
2899,0.5664246
2900,0.62846065
2901,0.58973396
2902,0.7564343
2903,0.5958175
2904,0.6573788
2905,0.59875673
2906,0.55073607
2907,0.5413023
2908,0.63357455
2909,0.59967536
2910,0.63725585
2911,0.6312456
2912,0.64920187
2913,0.6308734
2914,0.6586272
2915,0.59763724
2916,0.5912203
2917,0.6500126
2918,0.5763388
2919,0.6503675
2920,0.6218369
2921,0.62846756
2922,0.64160335
2923,0.51257527
2924,0.6829754
2925,0.60839236
2926,0.6465938
2927,0.7715219
2928,0.5720968
2929,0.6787041
2930,0.6970885
2931,0.6369091
2932,0.6680109
2933,0.57464594
2934,0.6030249
2935,0.54050916
2936,0.5558836
2937,0.5740837
2938,0.60062754
2939,0.5864128
2940,0.58166164
2941,0.5963924
2942,0.5983323
2943,0.66635776
2944,0.7571677
2945,0.5871928
2946,0.553368
2947,0.86129534
2948,0.615273
2949,0.6064734
2950,0.6362971
2951,0.537546
2952,0.7039945
2953,0.62680954
2954,0.6217985
2955,0.6447438
2956,0.59578294
2957,0.6538822
2958,0.5760419
2959,0.65197694
2960,0.7315012
2961,0.6913619
2962,0.6383449
2963,0.64708465
2964,0.65936565
2965,0.6622799
2966,0.63621396
2967,0.6181712
2968,0.63309586
2969,0.63061893
2970,0.6423787
2971,0.60795844
2972,0.60738224
2973,0.70094115
2974,0.6598666
2975,0.588483
2976,0.6451769
2977,0.57374996
2978,0.622131
2979,0.61401534
2980,0.5754964
2981,0.65375
2982,0.6787389
2983,0.58046794
2984,0.78339326
2985,0.6450603
2986,0.5971136
2987,0.71267974
2988,0.6591818
2989,0.861699
2990,0.6735237
2991,0.5833794
2992,0.67045057
2993,0.68274915
2994,0.5940573
2995,0.6190331
2996,0.6316277
2997,0.66169924
2998,0.6048597
2999,0.64359075
3000,0.61977637
